seq,status,runsecs,category1,category2,name,filename,wikipedia
1,PASS,12.510,backtracking,,All Combinations of Size K,all_combination_of_size_k.rs,
2,PASS,0.085,backtracking,,Graph Coloring,graph_coloring.rs,
3,PASS,0.075,backtracking,,Hamiltonian Cycle,hamiltonian_cycle.rs,
4,PASS,3.023,backtracking,,Knight Tour,knight_tour.rs,
5,PASS,0.076,backtracking,,N-Queens,n_queens.rs,
6,PASS,0.075,backtracking,,Parentheses Generator,parentheses_generator.rs,
7,PASS,0.077,backtracking,,Permutations,permutations.rs,
8,PASS,0.076,backtracking,,Rat in Maze,rat_in_maze.rs,
9,PASS,0.078,backtracking,dynamic_programming,Subset Sum,subset_sum.rs,
10,PASS,0.078,backtracking,,Sudoku,sudoku.rs,
11,PASS,0.104,big_integer,,Fast Factorial,fast_factorial.rs,
12,PASS,0.075,big_integer,,Multiply,multiply.rs,
13,PASS,0.076,big_integer,,Poly1305,poly1305.rs,
14,PASS,0.074,bit_manipulation,,Binary Coded Decimal,binary_coded_decimal.rs,
15,PASS,0.076,bit_manipulation,,Binary Shifts,binary_shifts.rs,
16,PASS,0.074,bit_manipulation,,Counting Bits,counting_bits.rs,
17,PASS,0.075,bit_manipulation,,Hamming Distance,hamming_distance.rs,
18,PASS,0.073,bit_manipulation,,Highest Set Bit,highest_set_bit.rs,
19,PASS,0.075,bit_manipulation,,Is Power of Two,is_power_of_two.rs,
20,PASS,0.073,bit_manipulation,,Missing Number,find_missing_number.rs,
21,PASS,0.072,bit_manipulation,,N Bits Gray Code,n_bits_gray_code.rs,
22,PASS,0.074,bit_manipulation,,Previous Power of Two,find_previous_power_of_two.rs,
23,PASS,0.070,bit_manipulation,,Reverse Bits,reverse_bits.rs,
24,PASS,0.069,bit_manipulation,,Rightmost Set Bit,rightmost_set_bit.rs,
25,PASS,0.070,bit_manipulation,,Sum of Two Integers,sum_of_two_integers.rs,
26,PASS,0.069,bit_manipulation,,Swap Odd and Even Bits,swap_odd_even_bits.rs,
27,PASS,0.074,bit_manipulation,,Trailing Zeros,binary_count_trailing_zeros.rs,
28,PASS,0.074,bit_manipulation,,Two's Complement,twos_complement.rs,
29,PASS,0.073,bit_manipulation,,Unique Number,find_unique_number.rs,
30,PASS,0.072,ciphers,,AES,aes.rs,
31,PASS,0.072,ciphers,,Affine Cipher,affine_cipher.rs,
32,PASS,0.073,ciphers,,Another ROT13,another_rot13.rs,
33,PASS,0.071,ciphers,,Baconian Cipher,baconian_cipher.rs,
34,PASS,0.073,ciphers,,Base16,base16.rs,
35,PASS,0.073,ciphers,,Base32,base32.rs,
36,PASS,0.077,ciphers,,Base64,base64.rs,
37,PASS,0.071,ciphers,,Base85,base85.rs,
38,PASS,0.072,ciphers,,Caesar,caesar.rs,https://github.com/TheAlgorithms/Algorithms-Explanation/blob/master/en/Ciphers/caesar_cipher.md
39,PASS,0.075,ciphers,,Chacha,chacha.rs,
40,PASS,2.205,ciphers,,Diffie-Hellman,diffie_hellman.rs,
41,PASS,0.073,ciphers,,Hill Cipher,hill_cipher.rs,https://github.com/TheAlgorithms/Algorithms-Explanation/blob/master/en/Ciphers/hill_cipher.md
42,PASS,0.073,ciphers,,Kernighan,kernighan.rs,
43,PASS,0.080,ciphers,,Morse Code,morse_code.rs,
44,PASS,0.073,ciphers,,Polybius,polybius.rs,
45,PASS,0.072,ciphers,,Rail Fence,rail_fence.rs,
46,PASS,0.072,ciphers,,ROT13,rot13.rs,
47,PASS,0.074,ciphers,,RSA Cipher,rsa_cipher.rs,https://github.com/TheAlgorithms/Algorithms-Explanation/blob/master/en/Ciphers/rsa_cipher.md
48,PASS,0.073,ciphers,,Salsa,salsa.rs,
49,PASS,0.074,ciphers,,Tea,tea.rs,
50,PASS,0.073,ciphers,,Theoretical ROT13,theoretical_rot13.rs,
51,PASS,0.074,ciphers,,Transposition,transposition.rs,
52,PASS,0.073,ciphers,,Trifid,trifid.rs,
53,PASS,0.073,ciphers,,Vernam,vernam.rs,
54,PASS,0.074,ciphers,,Vigenere,vigenere.rs,https://github.com/TheAlgorithms/Algorithms-Explanation/blob/master/en/Ciphers/vigenere_cipher.md
55,PASS,0.074,ciphers,,XOR,xor.rs,
56,PASS,0.070,ciphers,,Gronsfeld Cipher,gronsfeld.rs,
57,PASS,0.071,compression,string,Burrows-Wheeler Transform,burrows_wheeler_transform.rs,
58,PASS,0.069,compression,general,Huffman Encoding,huffman_encoding.rs,
59,PASS,0.069,compression,,LZ77,lz77.rs,
60,PASS,0.077,compression,,Move to Front,move_to_front.rs,
61,PASS,0.078,compression,,Peak Signal-to-Noise Ratio,peak_signal_to_noise_ratio.rs,
62,PASS,0.073,compression,,Run Length Encoding,run_length_encoding.rs,
63,PASS,0.074,conversions,,Binary to Decimal,binary_to_decimal.rs,
64,PASS,0.071,conversions,,Binary to Hexadecimal,binary_to_hexadecimal.rs,
65,PASS,0.068,conversions,,Binary to Octal,binary_to_octal.rs,
66,PASS,0.069,conversions,,Decimal to Binary,decimal_to_binary.rs,
67,PASS,0.074,conversions,,Decimal to Hexadecimal,decimal_to_hexadecimal.rs,
68,PASS,0.073,conversions,,Decimal to Octal,decimal_to_octal.rs,
69,PASS,0.072,conversions,,Energy,energy.rs,
70,PASS,0.076,conversions,,Hexadecimal to Binary,hexadecimal_to_binary.rs,
71,PASS,0.090,conversions,,Hexadecimal to Decimal,hexadecimal_to_decimal.rs,
72,PASS,0.078,conversions,,Hexadecimal to Octal,hexadecimal_to_octal.rs,
73,PASS,0.074,conversions,,IPv4 Conversion,ipv4_conversion.rs,
74,PASS,0.073,conversions,,Length Conversion,length_conversion.rs,
75,PASS,0.076,conversions,,Octal to Binary,octal_to_binary.rs,
76,PASS,0.071,conversions,,Octal to Decimal,octal_to_decimal.rs,
77,PASS,0.068,conversions,,Octal to Hexadecimal,octal_to_hexadecimal.rs,
78,PASS,0.074,conversions,,Order of Magnitude Conversion,order_of_magnitude_conversion.rs,
79,PASS,0.076,conversions,,Pressure,pressure.rs,
80,PASS,0.074,conversions,,Rectangular to Polar,rectangular_to_polar.rs,
81,PASS,0.073,conversions,,RGB-CMYK Conversion,rgb_cmyk_conversion.rs,
82,PASS,0.074,conversions,,RGB-HSV Conversion,rgb_hsv_conversion.rs,
83,PASS,0.082,conversions,,Roman Numerals,roman_numerals.rs,
84,PASS,0.076,conversions,,Speed,speed.rs,
85,PASS,0.075,conversions,,Time,time.rs,
86,PASS,0.078,conversions,,Temperature,temperature.rs,
87,PASS,0.075,conversions,,Volume,volume.rs,
88,PASS,0.074,conversions,,Weight,weight.rs,
89,PASS,0.072,data_structures,,AVL Tree,avl_tree.rs,
90,PASS,0.071,data_structures,,B-Tree,b_tree.rs,
91,PASS,0.073,data_structures,,Binary Search Tree,binary_search_tree.rs,
92,PASS,0.070,data_structures,,Fenwick Tree,fenwick_tree.rs,
93,SKIP,0.067,data_structures,,Floyds Algorithm,floyds_algorithm.rs,https://github.com/TheAlgorithms/Algorithms-Explanation/blob/master/en/Search%20Algorithms/Floyd%20Cycle%20Detection%20Algorithm%20to%20Find%20Duplicate%20Number.md
94,PASS,0.071,data_structures,,Graph,graph.rs,
95,PASS,0.075,data_structures,,Hash Table,hash_table.rs,
96,PASS,0.076,data_structures,,Heap,heap.rs,
97,PASS,0.072,data_structures,,Lazy Segment Tree,lazy_segment_tree.rs,
98,PASS,0.073,data_structures,,Linked List,linked_list.rs,
99,PASS,0.073,data_structures,,Skip List,skip_list.rs,
100,PASS,0.070,data_structures/probabilistic,,Bloom Filter,bloom_filter.rs,https://github.com/TheAlgorithms/Algorithms-Explanation/blob/master/en/Data%20Structures/Probablistic/BloomFilter.md
101,PASS,0.074,data_structures/probabilistic,,Count Min Sketch,count_min_sketch.rs,
102,PASS,0.072,data_structures,,Queue,queue.rs,https://github.com/TheAlgorithms/Algorithms-Explanation/blob/master/en/Data%20Structures/Queues/queue.md
103,PASS,0.077,data_structures,,Range Minimum Query,range_minimum_query.rs,
104,PASS,0.075,data_structures,,RB Tree,rb_tree.rs,
105,PASS,0.072,data_structures,,Segment Tree,segment_tree.rs,
106,PASS,0.073,data_structures,,Segment Tree Recursive,segment_tree_recursive.rs,
107,PASS,0.075,data_structures,,Stack Using Singly Linked List,stack_using_singly_linked_list.rs,
108,PASS,0.074,data_structures,,Treap,treap.rs,
109,PASS,0.071,data_structures,,Trie,trie.rs,https://github.com/TheAlgorithms/Algorithms-Explanation/blob/master/en/Data%20Structures/Tries/trie.md
110,PASS,0.084,data_structures,,Union Find,union_find.rs,
111,PASS,0.143,data_structures,,Veb Tree,veb_tree.rs,
112,PASS,0.073,dynamic_programming,string,Catalan Numbers,catalan_numbers.rs,
113,PASS,0.073,dynamic_programming,,Coin Change,coin_change.rs,https://github.com/TheAlgorithms/Algorithms-Explanation/blob/master/en/Dynamic%20Programming/Coin%20Change.md
114,PASS,0.128,dynamic_programming,,Egg Dropping,egg_dropping.rs,
115,PASS,0.120,dynamic_programming,,Fibonacci,fibonacci.rs,https://github.com/TheAlgorithms/Algorithms-Explanation/blob/master/en/Basic%20Math/Fibonacci_Numbers.md
116,PASS,0.075,dynamic_programming,,Fractional Knapsack,fractional_knapsack.rs,https://github.com/TheAlgorithms/Algorithms-Explanation/blob/master/en/Greedy%20Algorithms/Fractional%20Knapsack.md
117,PASS,0.161,dynamic_programming,,Integer Partition,integer_partition.rs,
118,PASS,0.074,dynamic_programming,,Is Subsequence,is_subsequence.rs,
119,PASS,0.073,dynamic_programming,,Knapsack,knapsack.rs,
120,PASS,0.074,dynamic_programming,,Longest Common Subsequence,longest_common_subsequence.rs,https://github.com/TheAlgorithms/Algorithms-Explanation/blob/master/en/Dynamic%20Programming/Longest%20Common%20Subsequence.md
121,PASS,0.077,dynamic_programming,,Longest Common Substring,longest_common_substring.rs,
122,PASS,0.069,dynamic_programming,,Longest Continuous Increasing Subsequence,longest_continuous_increasing_subsequence.rs,
123,PASS,0.099,dynamic_programming,,Longest Increasing Subsequence,longest_increasing_subsequence.rs,https://github.com/TheAlgorithms/Algorithms-Explanation/blob/master/en/Dynamic%20Programming/Longest%20Increasing%20Subsequence.md
124,PASS,0.067,dynamic_programming,,Matrix Chain Multiply,matrix_chain_multiply.rs,
125,PASS,0.072,dynamic_programming,,Maximal Square,maximal_square.rs,
126,PASS,0.079,dynamic_programming,,Maximum Subarray,maximum_subarray.rs,
127,PASS,0.076,dynamic_programming,,Minimum Cost Path,minimum_cost_path.rs,
128,PASS,0.078,dynamic_programming,,Optimal BST,optimal_bst.rs,
129,PASS,0.076,dynamic_programming,,Palindrome Partitioning,palindrome_partitioning.rs,
130,PASS,0.090,dynamic_programming,,Rod Cutting,rod_cutting.rs,
131,PASS,0.080,dynamic_programming,,Smith-Waterman,smith_waterman.rs,
132,PASS,0.072,dynamic_programming,,Snail,snail.rs,
133,PASS,0.074,dynamic_programming,,Subset Generation,subset_generation.rs,
134,PASS,0.073,dynamic_programming,,Subset Sum,subset_sum.rs,
135,PASS,0.072,dynamic_programming,,Task Assignment,task_assignment.rs,
136,PASS,0.076,dynamic_programming,,Trapped Rainwater,trapped_rainwater.rs,
137,PASS,0.901,dynamic_programming,,Word Break,word_break.rs,
138,PASS,0.079,financial,,Depreciation,depreciation.rs,
139,PASS,0.071,financial,,Equated Monthly Installments,equated_monthly_installments.rs,
140,PASS,0.071,financial,,Exponential Moving Average,exponential_moving_average.rs,
141,PASS,0.074,financial,,Finance Ratios,finance_ratios.rs,
142,PASS,0.075,financial,math,Interest,interest.rs,
143,PASS,0.073,financial,,Net Present Value,npv.rs,
144,PASS,0.069,financial,,NPV Sensitivity,npv_sensitivity.rs,
145,PASS,0.067,financial,,Payback Period,payback.rs,
146,PASS,0.074,financial,,Present Value,present_value.rs,
147,PASS,0.073,financial,,Treynor Ratio,treynor_ratio.rs,
148,PASS,0.073,general,,Convex Hull,convex_hull.rs,
149,PASS,0.070,general,,Fisher Yates Shuffle,fisher_yates_shuffle.rs,
150,PASS,0.074,general,,Genetic,genetic.rs,
151,PASS,0.075,general,,Hanoi,hanoi.rs,
152,PASS,0.072,general,,Huffman Encoding,huffman_encoding.rs,
153,PASS,0.070,general,dynamic_programming,Kadane Algorithm,kadane_algorithm.rs,https://github.com/TheAlgorithms/Algorithms-Explanation/blob/master/en/Dynamic%20Programming/Kadane's%20Algorithm.md
154,PASS,0.072,general,,K-Means,kmeans.rs,
155,PASS,0.073,general,,Mex,mex.rs,
156,PASS,0.072,general/permutations,,Heap,heap.rs,
157,PASS,0.068,general/permutations,,Naive,naive.rs,
158,PASS,0.067,general/permutations,,Steinhaus Johnson Trotter,steinhaus_johnson_trotter.rs,
159,PASS,0.075,general,,Subarray Sum Equals K,subarray_sum_equals_k.rs,
160,PASS,0.072,general,,Two Sum,two_sum.rs,
161,PASS,0.068,geometry,,Closest Points,closest_points.rs,
162,PASS,0.072,geometry,,Graham Scan,graham_scan.rs,
163,PASS,0.073,geometry,,Jarvis Scan,jarvis_scan.rs,
164,PASS,0.072,geometry,,Point,point.rs,
165,PASS,0.073,geometry,,Polygon Points,polygon_points.rs,
166,PASS,0.074,geometry,,Ramer Douglas Peucker,ramer_douglas_peucker.rs,
167,PASS,0.075,geometry,,Segment,segment.rs,
168,PASS,0.172,graph,,A*,astar.rs,
169,PASS,0.159,graph,,Ant Colony Optimization,ant_colony_optimization.rs,
170,PASS,0.111,graph,,Bellman-Ford,bellman_ford.rs,https://github.com/TheAlgorithms/Algorithms-Explanation/blob/master/en/Data%20Structures/Graph/Bellman-Ford.md
171,PASS,0.076,graph,,Bipartite Matching,bipartite_matching.rs,
172,PASS,0.073,graph,,Breadth First Search,breadth_first_search.rs,
173,PASS,0.074,graph,,Centroid Decomposition,centroid_decomposition.rs,
174,PASS,0.075,graph,,Decremental Connectivity,decremental_connectivity.rs,
175,PASS,0.074,graph,,Depth First Search,depth_first_search.rs,
176,PASS,0.074,graph,,Depth First Search Tic-Tac-Toe,depth_first_search_tic_tac_toe.rs,
177,PASS,0.071,graph,,Detect Cycle,detect_cycle.rs,
178,PASS,0.075,graph,,Dijkstra,dijkstra.rs,
179,PASS,0.071,graph,,Dinic Maxflow,dinic_maxflow.rs,
180,PASS,0.074,graph,,Disjoint Set Union,disjoint_set_union.rs,
181,PASS,0.071,graph,,Eulerian Path,eulerian_path.rs,
182,PASS,0.071,graph,,Floyd Warshall,floyd_warshall.rs,
183,PASS,0.074,graph,,Ford Fulkerson,ford_fulkerson.rs,
184,PASS,0.074,graph,,Graph Enumeration,graph_enumeration.rs,
185,PASS,0.073,graph,,Heavy Light Decomposition,heavy_light_decomposition.rs,
186,PASS,0.071,graph,,Kosaraju,kosaraju.rs,
187,PASS,0.075,graph,,Lee Breadth First Search,lee_breadth_first_search.rs,
188,PASS,0.081,graph,,Lowest Common Ancestor,lowest_common_ancestor.rs,
189,PASS,0.078,graph,,Minimum Spanning Tree,minimum_spanning_tree.rs,
190,PASS,0.094,graph,,Prim,prim.rs,
191,PASS,0.154,graph,,Prufer Code,prufer_code.rs,
192,PASS,0.131,graph,,Strongly Connected Components,strongly_connected_components.rs,
193,PASS,0.085,graph,,Tarjans Strongly Connected Components,tarjans_ssc.rs,
194,PASS,0.077,graph,,Topological Sort,topological_sort.rs,
195,PASS,0.084,graph,,Two Satisfiability,two_satisfiability.rs,
196,PASS,0.073,greedy,,Job Sequencing,job_sequencing.rs,
197,PASS,0.074,greedy,,Minimum Coin Change,minimum_coin_change.rs,
198,PASS,0.077,greedy,,Smallest Range,smallest_range.rs,
199,PASS,0.078,greedy,,Stable Matching,stable_matching.rs,
200,PASS,0.077,hashing,,Blake2B,blake2b.rs,
201,PASS,0.075,hashing,,Fletcher,fletcher.rs,
202,PASS,0.073,hashing,,Hashing Traits,hashing_traits.rs,
203,PASS,0.083,hashing,,MD5,md5.rs,
204,PASS,0.178,hashing,,SHA-1,sha1.rs,
205,PASS,0.077,hashing,,SHA-2,sha2.rs,
206,PASS,0.118,hashing,,SHA-3,sha3.rs,
207,PASS,0.076,machine_learning,,Cholesky,cholesky.rs,
208,PASS,0.076,machine_learning,,Decision Tree,decision_tree.rs,
209,PASS,0.111,machine_learning,,K-Means,k_means.rs,
210,PASS,0.075,machine_learning,,K-Nearest Neighbors,k_nearest_neighbors.rs,
211,PASS,0.072,machine_learning,,Linear Regression,linear_regression.rs,
212,PASS,0.095,machine_learning,,Logistic Regression,logistic_regression.rs,
213,PASS,0.077,machine_learning,,Naive Bayes,naive_bayes.rs,
214,PASS,0.076,machine_learning,,Perceptron,perceptron.rs,
215,PASS,0.077,machine_learning,,Principal Component Analysis,principal_component_analysis.rs,
216,PASS,0.076,machine_learning,,Random Forest,random_forest.rs,
217,PASS,0.082,machine_learning,,Support Vector Classifier,support_vector_classifier.rs,
218,PASS,0.073,machine_learning/loss_function,,Average Margin Ranking Loss,average_margin_ranking_loss.rs,
219,PASS,0.081,machine_learning/loss_function,,Hinge Loss,hinge_loss.rs,
220,PASS,0.104,machine_learning/loss_function,math,Huber Loss,huber_loss.rs,
221,PASS,0.072,machine_learning/loss_function,,KL Divergence Loss,kl_divergence_loss.rs,
222,PASS,0.077,machine_learning/loss_function,,Mean Absolute Error Loss,mean_absolute_error_loss.rs,
223,PASS,0.073,machine_learning/loss_function,,Mean Squared Error Loss,mean_squared_error_loss.rs,
224,PASS,0.076,machine_learning/loss_function,,Negative Log Likelihood,negative_log_likelihood.rs,
225,PASS,0.079,machine_learning/optimization,,Adam,adam.rs,
226,PASS,0.076,machine_learning/optimization,,Gradient Descent,gradient_descent.rs,
227,PASS,0.074,machine_learning/optimization,,Momentum,momentum.rs,
228,PASS,0.074,math,,Absolute,abs.rs,
229,PASS,0.073,math,,Aliquot Sum,aliquot_sum.rs,https://github.com/TheAlgorithms/Algorithms-Explanation/blob/master/en/Basic%20Math/Aliquot_Sum.md
230,PASS,0.098,math,,Amicable Numbers,amicable_numbers.rs,
231,PASS,0.075,math,,Area of Polygon,area_of_polygon.rs,
232,PASS,0.076,math,,Area Under Curve,area_under_curve.rs,
233,PASS,0.073,math,,Armstrong Number,armstrong_number.rs,
234,PASS,0.071,math,,Average,average.rs,https://github.com/TheAlgorithms/Algorithms-Explanation/blob/master/en/Basic%20Math/Average_Mean.md
235,PASS,0.131,math,,Baby Step Giant Step,baby_step_giant_step.rs,
236,PASS,0.072,math,,Bell Numbers,bell_numbers.rs,
237,PASS,0.071,math,,Binary Exponentiation,binary_exponentiation.rs,
238,PASS,0.073,math,,Binomial Coefficient,binomial_coefficient.rs,
239,PASS,0.105,math,,Catalan Numbers,catalan_numbers.rs,
240,PASS,0.074,math,,Ceil,ceil.rs,
241,PASS,0.071,math,,Chinese Remainder Theorem,chinese_remainder_theorem.rs,
242,PASS,0.070,math,,Collatz Sequence,collatz_sequence.rs,
243,PASS,0.074,math,,Combinations,combinations.rs,
244,PASS,0.076,math,,Cross Entropy Loss,cross_entropy_loss.rs,
245,PASS,0.075,math,,Decimal to Fraction,decimal_to_fraction.rs,
246,PASS,0.079,math,,Doomsday,doomsday.rs,
247,PASS,0.118,math,,Elliptic Curve,elliptic_curve.rs,
248,PASS,0.081,math,,Euclidean Distance,euclidean_distance.rs,
249,PASS,0.080,math,,Exponential Linear Unit,exponential_linear_unit.rs,
250,PASS,0.074,math,,Extended Euclidean Algorithm,extended_euclidean_algorithm.rs,https://github.com/TheAlgorithms/Algorithms-Explanation/blob/master/en/Basic%20Math/Euclidean%20algorithm.md
251,PASS,0.073,math,,Factorial,factorial.rs,
252,PASS,0.074,math,,Factors,factors.rs,
253,PASS,0.072,math,,Fast Fourier Transform,fast_fourier_transform.rs,
254,PASS,0.071,math,,Fast Power,fast_power.rs,
255,PASS,0.072,math,,Faster Perfect Numbers,faster_perfect_numbers.rs,
256,PASS,0.097,math,,Field,field.rs,
257,PASS,0.103,math,,Frizzy Number,frizzy_number.rs,
258,PASS,0.076,math,,Gaussian Elimination,gaussian_elimination.rs,
259,PASS,0.076,math,,Gaussian Error Linear Unit,gaussian_error_linear_unit.rs,
260,PASS,0.080,math,,GCD of N Numbers,gcd_of_n_numbers.rs,
261,PASS,0.074,math,,Geometric Series,geometric_series.rs,https://github.com/TheAlgorithms/Algorithms-Explanation/blob/master/en/Basic%20Math/Geometric%20Pogression.md
262,PASS,0.074,math,,Greatest Common Divisor,greatest_common_divisor.rs,
263,PASS,0.071,math,,Huber Loss,huber_loss.rs,
264,PASS,0.071,math,,Infix to Postfix,infix_to_postfix.rs,
265,PASS,0.071,math,,Interest,interest.rs,
266,PASS,0.073,math,,Interpolation,interpolation.rs,
267,PASS,0.078,math,,Interquartile Range,interquartile_range.rs,
268,PASS,0.082,math,,Karatsuba Multiplication,karatsuba_multiplication.rs,
269,PASS,0.086,math,,LCM of N Numbers,lcm_of_n_numbers.rs,
270,PASS,0.075,math,,Leaky Relu,leaky_relu.rs,
271,PASS,0.078,math,,Least Square Approx,least_square_approx.rs,
272,PASS,0.090,math,,Linear Sieve,linear_sieve.rs,
273,PASS,0.076,math,,Logarithm,logarithm.rs,
274,PASS,0.074,math,,Lucas Series,lucas_series.rs,
275,PASS,0.077,math,,Matrix Ops,matrix_ops.rs,
276,PASS,0.075,math,,Mersenne Primes,mersenne_primes.rs,
277,PASS,0.078,math,,Miller Rabin,miller_rabin.rs,
278,PASS,0.074,math,,Modular Exponential,modular_exponential.rs,
279,PASS,0.069,math,,Newton Raphson,newton_raphson.rs,
280,PASS,0.071,math,,N-th prime,nthprime.rs,
281,PASS,0.074,math,,Pascal Triangle,pascal_triangle.rs,
282,PASS,0.073,math,,Perfect Cube,perfect_cube.rs,
283,PASS,0.078,math,,Perfect Numbers,perfect_numbers.rs,
284,PASS,0.075,math,,Perfect Square,perfect_square.rs,https://github.com/TheAlgorithms/Algorithms-Explanation/blob/master/en/Basic%20Math/magic_square.md
285,PASS,0.109,math,,Pollard Rho,pollard_rho.rs,
286,PASS,0.075,math,,Postfix Evaluation,postfix_evaluation.rs,
287,PASS,0.076,math,,Prime Check,prime_check.rs,
288,PASS,0.080,math,,Prime Factors,prime_factors.rs,
289,PASS,0.074,math,,Prime Numbers,prime_numbers.rs,
290,PASS,0.074,math,,Quadratic Residue,quadratic_residue.rs,
291,PASS,0.126,math,,Random,random.rs,
292,PASS,0.073,math,,ReLU,relu.rs,
293,PASS,0.073,math,,Sieve of Eratosthenes,sieve_of_eratosthenes.rs,
294,PASS,0.072,math,,Sigmoid,sigmoid.rs,
295,PASS,0.071,math,,Signum,signum.rs,
296,PASS,0.070,math,,Simpsons Integration,simpsons_integration.rs,
297,PASS,0.075,math,,Softmax,softmax.rs,
298,PASS,0.071,math,,Sprague Grundy Theorem,sprague_grundy_theorem.rs,
299,PASS,0.068,math,,Square Pyramidal Numbers,square_pyramidal_numbers.rs,
300,PASS,0.069,math,,Square Root,square_root.rs,
301,PASS,0.069,math,,Sum of Digits,sum_of_digits.rs,
302,PASS,0.079,math,,Sum of Geometric Progression,sum_of_geometric_progression.rs,https://github.com/TheAlgorithms/Algorithms-Explanation/blob/master/en/Basic%20Math/Arithmetic%20Progressions.md
303,PASS,0.073,math,,Sum of Harmonic Series,sum_of_harmonic_series.rs,
304,PASS,0.079,math,,Sylvester Sequence,sylvester_sequence.rs,
305,PASS,0.076,math,,Tanh,tanh.rs,
306,PASS,0.077,math,,Trapezoidal Integration,trapezoidal_integration.rs,
307,PASS,0.074,math,,Trial Division,trial_division.rs,
308,PASS,0.076,math,,Trig Functions,trig_functions.rs,
309,PASS,0.073,math,,Vector Cross Product,vector_cross_product.rs,
310,PASS,0.075,math,,Zellers Congruence Algorithm,zellers_congruence_algorithm.rs,
311,PASS,0.078,navigation,,Bearing,bearing.rs,
312,PASS,0.075,navigation,,Haversine,haversine.rs,
313,PASS,0.078,navigation,,Rhumbline,rhumbline.rs,
314,PASS,0.077,number_theory,,Compute Totient,compute_totient.rs,
315,PASS,0.078,number_theory,,Euler Totient,euler_totient.rs,
316,PASS,0.073,number_theory,,K-th Factor,kth_factor.rs,
317,PASS,0.078,searching,,Binary Search,binary_search.rs,https://github.com/TheAlgorithms/Algorithms-Explanation/blob/master/en/Search%20Algorithms/Binary%20Search.md
318,PASS,0.077,searching,,Binary Search Recursive,binary_search_recursive.rs,
319,PASS,0.076,searching,,Exponential Search,exponential_search.rs,https://github.com/TheAlgorithms/Algorithms-Explanation/blob/master/en/Search%20Algorithms/Exponential%20Search.md
320,PASS,0.074,searching,,Fibonacci Search,fibonacci_search.rs,
321,PASS,0.075,searching,,Interpolation Search,interpolation_search.rs,
322,PASS,0.075,searching,,Jump Search,jump_search.rs,
323,PASS,0.085,searching,,K-th Smallest,kth_smallest.rs,
324,PASS,0.077,searching,,K-th Smallest Heap,kth_smallest_heap.rs,
325,PASS,0.078,searching,,Linear Search,linear_search.rs,https://github.com/TheAlgorithms/Algorithms-Explanation/blob/master/en/Search%20Algorithms/Linear%20Search.md
326,PASS,0.075,searching,,Moore Voting,moore_voting.rs,
327,PASS,0.079,searching,,Quick Select,quick_select.rs,https://github.com/TheAlgorithms/Algorithms-Explanation/blob/master/en/Selection%20Algorithms/Quick%20Select.md
328,PASS,0.079,searching,,Saddleback Search,saddleback_search.rs,
329,PASS,0.076,searching,,Ternary Search,ternary_search.rs,
330,PASS,0.074,searching,,Ternary Search Min Max,ternary_search_min_max.rs,
331,PASS,0.073,searching,,Ternary Search Min Max Recursive,ternary_search_min_max_recursive.rs,
332,PASS,0.076,searching,,Ternary Search Recursive,ternary_search_recursive.rs,
333,PASS,3.683,signal_analysis,,YIN,yin.rs,
334,PASS,0.076,sorting,,Bead Sort,bead_sort.rs,
335,PASS,0.071,sorting,,Binary Insertion Sort,binary_insertion_sort.rs,
336,PASS,0.072,sorting,,Bingo Sort,bingo_sort.rs,
337,PASS,0.073,sorting,,Bitonic Sort,bitonic_sort.rs,
338,PASS,0.112,sorting,,Bogo Sort,bogo_sort.rs,
339,PASS,0.075,sorting,,Bubble Sort,bubble_sort.rs,https://github.com/TheAlgorithms/Algorithms-Explanation/blob/master/en/Sorting%20Algorithms/Bubble%20Sort.md
340,PASS,0.073,sorting,,Bucket Sort,bucket_sort.rs,
341,PASS,0.075,sorting,,Cocktail Shaker Sort,cocktail_shaker_sort.rs,
342,PASS,0.073,sorting,,Comb Sort,comb_sort.rs,
343,PASS,0.071,sorting,,Counting Sort,counting_sort.rs,https://github.com/TheAlgorithms/Algorithms-Explanation/blob/master/en/Sorting%20Algorithms/Counting%20Sort.md
344,PASS,0.071,sorting,,Cycle Sort,cycle_sort.rs,https://github.com/TheAlgorithms/Algorithms-Explanation/blob/master/en/Sorting%20Algorithms/Cycle%20Sort.md
345,PASS,0.073,sorting,,Dutch National Flag Sort,dutch_national_flag_sort.rs,
346,PASS,0.071,sorting,,Exchange Sort,exchange_sort.rs,
347,PASS,0.073,sorting,,Gnome Sort,gnome_sort.rs,
348,PASS,0.075,sorting,,Heap Sort,heap_sort.rs,https://github.com/TheAlgorithms/Algorithms-Explanation/blob/master/en/Sorting%20Algorithms/Heap%20Sort.md
349,PASS,0.077,sorting,,Insertion Sort,insertion_sort.rs,https://github.com/TheAlgorithms/Algorithms-Explanation/blob/master/en/Sorting%20Algorithms/Insertion%20Sort.md
350,PASS,0.072,sorting,,Intro Sort,intro_sort.rs,
351,PASS,0.076,sorting,,Merge Sort,merge_sort.rs,https://github.com/TheAlgorithms/Algorithms-Explanation/blob/master/en/Sorting%20Algorithms/Merge%20Sort.md
352,PASS,0.075,sorting,,Odd Even Sort,odd_even_sort.rs,
353,PASS,0.076,sorting,,Pancake Sort,pancake_sort.rs,
354,PASS,0.078,sorting,,Patience Sort,patience_sort.rs,
355,PASS,0.077,sorting,,Pigeonhole Sort,pigeonhole_sort.rs,
356,PASS,1.069,sorting,,Quick Sort,quick_sort.rs,https://github.com/TheAlgorithms/Algorithms-Explanation/blob/master/en/Sorting%20Algorithms/Quick%20Sort.md
357,PASS,0.930,sorting,,Quick Sort 3-ways,quick_sort_3_ways.rs,
358,PASS,0.074,sorting,,Radix Sort,radix_sort.rs,https://github.com/TheAlgorithms/Algorithms-Explanation/blob/master/en/Sorting%20Algorithms/Radix%20Sort.md
359,PASS,0.077,sorting,,Selection Sort,selection_sort.rs,https://github.com/TheAlgorithms/Algorithms-Explanation/blob/master/en/Sorting%20Algorithms/Selection%20Sort.md
360,PASS,0.073,sorting,,Shell Sort,shell_sort.rs,https://github.com/TheAlgorithms/Algorithms-Explanation/blob/master/en/Sorting%20Algorithms/Shell%20Sort.md
361,PASS,0.278,sorting,,Sleep Sort,sleep_sort.rs,
362,PASS,0.070,sorting,,Sort Utils,sort_utils.rs,
363,PASS,0.080,sorting,,Stooge Sort,stooge_sort.rs,
364,PASS,0.071,sorting,,Strand Sort,strand_sort.rs,
365,PASS,0.072,sorting,,Tim Sort,tim_sort.rs,
366,PASS,0.072,sorting,,Tournament Sort,tournament_sort.rs,
367,PASS,0.077,sorting,,Tree Sort,tree_sort.rs,
368,PASS,0.072,sorting,,Wave Sort,wave_sort.rs,
369,PASS,0.074,sorting,,Wiggle Sort,wiggle_sort.rs,
370,PASS,0.072,string,,Aho Corasick,aho_corasick.rs,
371,PASS,0.076,string,,Anagram,anagram.rs,
372,PASS,0.075,string,,Autocomplete Using Trie,autocomplete_using_trie.rs,
373,PASS,0.075,string,,Boyer Moore Search,boyer_moore_search.rs,
374,PASS,0.075,string,,Burrows Wheeler Transform,burrows_wheeler_transform.rs,
375,PASS,0.233,string,,Duval Algorithm,duval_algorithm.rs,
376,PASS,0.075,string,bit_manipulation,Hamming Distance,hamming_distance.rs,
377,PASS,0.078,string,,Isogram,isogram.rs,
378,PASS,0.078,string,,Isomorphism,isomorphism.rs,
379,PASS,0.078,string,,Jaro Winkler Distance,jaro_winkler_distance.rs,
380,PASS,0.099,string,,Knuth Morris Pratt,knuth_morris_pratt.rs,
381,PASS,0.089,string,,Levenshtein Distance,levenshtein_distance.rs,
382,PASS,0.078,string,,Lipogram,lipogram.rs,
383,PASS,0.077,string,,Manacher,manacher.rs,
384,PASS,0.075,string,,Palindrome,palindrome.rs,
385,PASS,0.069,string,,Pangram,pangram.rs,
386,PASS,0.068,string,,Rabin Karp,rabin_karp.rs,
387,PASS,0.071,string,,Reverse,reverse.rs,
388,PASS,0.073,string,compression,Run Length Encoding,run_length_encoding.rs,
389,PASS,0.072,string,,Shortest Palindrome,shortest_palindrome.rs,
390,PASS,0.072,string,,Suffix Array,suffix_array.rs,
391,PASS,0.075,string,,Suffix Array Manber Myers,suffix_array_manber_myers.rs,
392,PASS,0.074,string,,Suffix Tree,suffix_tree.rs,
393,PASS,0.072,string,,Z Algorithm,z_algorithm.rs,
